ID,Name,Slug,Start Date,Primary Languages,Workload,Is Part of Specialization
NJSdGN71Eeq4CApSN3OTvQ,Make Your Pick-Ups Look Cool in Unity (Intro to Animation 1),make-pick-ups-look-cool-unity-introduction-animation-1,1598035773172,en,2 hours,False
DMkcgX7LEeyRTg6FtAvfBw,Intégrer des applications dans votre Dashboard Hootsuite,integrer-applications-dashboard-hootsuite,1644614698077,fr,2 heures,False
YLO0oGSUEeyIUg4Qv2RsBQ,كيفية استعمال التطبيق هووتسويت,getting-started-with-hootsuite-ar,1642193091376,ar,2 hours,False
69Bku0KoEeWZtA4u62x6lQ,Gamification,gamification,1447095621493,en,4-8 hours/week,False
0HiU7Oe4EeWTAQ4yevf_oQ,Dealing With Missing Data,missing-data,1471901099812,en,"4 weeks of study, 1-2 hours/week",False
sI_-QEBiEemtDRLx7Ne8jg,Unordered Data Structures,cs-fundamentals-3,1556553708843,en,,False
2WtDgaCrEeyFDhLpwtOZqw,Installation et configuration du pack d'extension C-C++ avec Visual Studio Code,installation-et-configuration-du-pack-d-extension-c-c-avec-visual-studio-code,1649871770867,fr,2 heures,False
rrZX06kxEeyjPxJkzIUqCw,Migrating to Cloud SQL from Amazon RDS for MySQL Using Database Migration Service,googlecloud-migrating-to-cloud-sql-from-amazon-rds-for-mysql-using-databas-lyazm,1648688301752,en,1.5 hours,False
5zjIsJq-EeW_wArffOXkOw,Vital Signs: Understanding What the Body Is Telling Us,vital-signs,1456817703360,en,3-5 hours/week,False
WFanvtoSEeedbRLwgi9a7A,FinTech Disruptive Innovation: Implications for Society,fintech-disruption,1543219426901,en,"Around 4 hours of videos in total, plus a final project requiring about 5 hours to complete.",False
zjIfbv3pEeqRMRJTGi3b6Q, Cluster Analysis using RCmdr,cluster-analysis-rcmdr,1601055478420,en,one hour,False
k-WxP98PEeypqArgW5gGjw,Analyze Network Traffic with TCPDump,analyze-network-traffic-with-tcpdump,1654190236288,en,1.5 hours,False
v9CQdBkhEeWjrA6seF25aw,Modern Art & Ideas,modern-art-ideas,1439923333939,en,"5 weeks of study, 2 hours per week",False
QgmoVdT2EeSlhSIACx2EBw,The Evolving Universe,evolvinguniverse,1431661792194,en,,False
whkxBTMWEeuZBg7FYEje4Q,Create an interactive story game with Twine,create-an-interactive-story-game-with-twine,1606762508935,en,2 hours,False
zRhFMLBVEeqP6QqV6TddSw,Use SurveyMonkey to Create a Survey and Analyze Results,create-survey-analyze-results-with-surveymonkey,1593472923247,en,2 hours,False
LuXbfNnCEeq3nQoreMGNOQ,Performing Data Aggregation using SQL Aggregate Functions,performing-data-aggregation-using-sql-aggregate-functions,1597188408088,en,2 hours,False
HlPk_SAVEe2Psg5YTxx2NQ,Advanced Android Development,advanced-android-development,1660952669683,en,,False
Q7g64XUHEeuBTg7vUdMe9w,Оценка облигаций,bonds-fixed-income-mathematics-ru,1614361331044,ru,2 часа,False
YnC4qHR6Ee2hYgoC8bKiUw,Machine Learning in the Enterprise - Français,machine-learning-in-enterprise-fr,1672787434061,en,"3 weeks of study, 5-7 hours per week",False
WWXTH4D5Eeyg9hKH5WRuwQ, Microsoft Excel إنشاء جدول اجتماع باستخدام ,microsoft-excel-iinsha-jadwal-ajtimae-biastikhdam,1653584471179,ar,2 hours,False
lDHhgquQEey44Q4AsVOVkw,Consulting Presentations and Storytelling,management-consulting-presentations,1657900938437,en,,False
7zPEd7ErEeyiqQr1qP1QDw,إختيار الهدف المثالي للحملات الإعلانية على Facebook,iikhtiar-alhadaf-almithalii-lilhamalat-aliielaniat-ealaa-facebook,1651244238336,ar,1 hour,False
FlptMGk3EeSiViIACw8GlA,Design: Creation of Artifacts in Society,design,1474842588486,en,,False
B6LZjKkwEeyjPxJkzIUqCw,Debugging Apps on Google Kubernetes Engine,googlecloud-debugging-apps-on-google-kubernetes-engine-8pzmb,1648672152625,en,1 hour 15 minutes,False
5sELsjzeEey2HhKRvGWgpQ,Cómo empezar con Facebook Commerce Manager,facebook-commerce,1636663047739,es,2 horas,False
ApW7zt2xEey3pBLtifjkow,Create React Forms Using Hooks,create-react-forms-using-hooks,1653928214838,en,2 hours,False
3uRPpdGFEeiElA6q2-9yxA,Researcher Management and Leadership Training,researcher-management-leadership-training,1586933748650,en,"5 weeks of study, about 3 hours/week, with several optional resources for your interest.",False
j-zL7CvgEemV_A4t3mTtWg,Introduction to Enterprise Computing,introduction-enterprise-computing,1567546841484,en,"3 weeks of study,  2-3 hours/week",False
xpDmwnYyEeyrDAqvINCGXQ,الأخلاقيات والثقافة ووجهات النظر العالمية,ethics-culture-and-global-perspectives-ar,1643605474428,ar,,False
728RVtH8EeyBrQ7e8kzA9w,Crea diseños de marca para tu pequeña empresa con Canva,crea-disenos-marca-pequena-empresa-canva,1652898954668,es,2 horas,False
DX6sNLStEeyQSBIjGmLcFQ,Building No-Code Apps with AppSheet: Implementation,building-no-code-apps-with-appsheet-implementation,1650566814240,en,"3 weeks of study, 3-4 hours/week.",False
rAlpSmWgEeenbhIEmtW1dA,"Modern Robotics, Course 1:  Foundations of Robot Motion",modernrobotics-course1,1523803223263,en,This course requires 4 weeks of study of approximately 3-5 hours/week.,False
cnH04NsNEeqZLA7SXwAABQ,Blockchain Evolution and Technology Concepts,blockchain-evolution-and-technology-concepts,1601930082606,en,,False
3F4Us6YgEeyjPxJkzIUqCw,University Studies for Student Veterans,university-studies-for-student-veterans,1678977098121,en,"12 weeks of study, 2-3 hours per week",False
5uXCfFu2EeSU0SIACxCMgg,Bioinformatic Methods I,bioinformatics-methods-1,1421096015614,en,12-18 hours videos and labs,False
hwvdsk86Eem0lhKc4vCNig,Social Network Analysis,social-network-analysis,1576005639598,en,"5 weeks of study, 2-5 hours/week",False
5YCz7-zMEeeMzQrhp6Bs1g,Computer Vision Basics,computer-vision-basics,1555339207762,en,,False
RdmZEakyEeyjPxJkzIUqCw,Protecting Endpoints with reCAPTCHA Enterprise,googlecloud-protecting-endpoints-with-recaptcha-enterprise-vn795,1648673032884,en,1 hour,False
h9nm7aF2EeyZ1AqPZNr0NQ,Create a Cover Letter with an Envelope using Microsoft Word,create-a-cover-letter-with-an-envelope-using-microsoft-word,1649370837270,en,2 hours,False
rajsT7UJEeWl_hJObLDVwQ,剪辑：像编剧一样剪辑,jian-ji,1459465663004,zh,"5 周课程, 2-4 小时/周",False
GgaxdGEfEe2obAqRvlwFGQ,التحكم في الإصدار,introduction-to-version-control-ar,1679599313404,ar,,False
aKgfVs3CEeu0KQ5V9fFcUQ,Research Methodologies,research-methodologies,1652458144107,en,20 hours (4 hours per week)  ,False
lfKT5sS3EeWhPQ55lNYVVQ,From Climate Science to Action,climate-science,1462810844656,en,,False
fd3ZQRthEeqQJw6Wlm3hnw,Analyze Box Office Data with Seaborn and Python,analyze-data-seaborn-python,1582082440897,en,2 hours,False
lo08qFSsEe2HYQ674WURew,Material Jetting and Stereolithography,material-jetting-and-stereolithography,1680566991348,en,,False
NqCadZgsEeu10Ao71wup4w,Teaching LGBTQ+ Health,teaching-lgbtq-health,1673048940132,en,"1 week study, 2 hours",False
YGjPHOZYEeWGngqV7V698w,史記 (Shi Ji),shiji,1485109953921,zh,,False
PyySc330Eeuq6Aq4OpJMyw,Fundamentos del Management,fundamentos-del-management,1621456404130,es,3 horas por semana.,False
KlAJ6oysEeW79RIwiAyGoQ,Successful Presentation,presentation-skills,1479255226761,en,"4  weeks of study, 2 hours/week",False
aX4tZnrsEey1tgpUmO8AYQ,Translating Research to Communities ,translating-research-to-communities,1651087623554,en,,False
_ZxqNTbOEembfg4BAtxdIA,Sistemas operativos y tú: Convertirse en un usuario avanzado,sistemas-operativos,1568479388017,es,8 - 10 horas por semana,False
NqGsBS6hEeyb5BLyoVYmQQ,How to align artwork in Adobe Illustrator,align-artwork-adobe-illustrator,1645561964364,en,1 hour,False
GJT3MD6xEemL3g4W6JiGWA,Code Free Data Science,code-free-data-science,1553187483970,en,,False
POZJ3uOtEeSoXCIACw4Gzg,工程圖學 2D CAD,2d-cad,1434394468188,zh,,False
ugSnwH9hEeSiIiIAC3lQMQ,Çok değişkenli Fonksiyon II: Uygulamalar / Multivariable Calculus II: Applications,calculus-diferansiyel-hesap,1418764922399,tr,9 hours per module,False
rc5KG0aUEeWG1w6arGoEIQ,Accounting Analytics,accounting-analytics,1452300586134,en,"4 weeks, 3 -5 hours per week",False
6PDox6CMEeusZgqdsPxIhw,تصميم مواد تكميلية وموثقة للدورة التدريبية الرقمية على كانفا,design-digital-course-collateral-using-canva-ar,1619458170821,ar,2 hours,False
3V7A7fx8Eeqs-A6tzMXDyw,Programando un blockchain básico con Javascript,blockchain-javascript,1601264981548,es,60 minutos,False
OpMk9L5nEeepKw4CZoGWJA,Getting Started With Application Development,getting-started-app-development,1511806751639,en,"1 week of study, 8-10 hours/week",False
DBqDhXrGEey1tgpUmO8AYQ,Continuous Delivery and Release Pipelines with Azure DevOps,continuous-delivery-release-pipelines-azure-devops,1645567572550,en,2 hours,False
HOpuOakxEeywagovoAKHOQ,Protecting Data with NetApp Cloud Manager & Cloud Volumes ONTAP for Google Cloud,googlecloud-protecting-data-with-netapp-cloud-manager-cloud-volumes-ontap-iojct,1648764703320,en,1 hour 30 minutes,False
gpAI9GK4EeWFkQ7sUCFGVQ,Municipal Solid Waste Management in Developing Countries,solid-waste-management,1456157441110,en,"5 weeks of study, 4-6 hours/week",False
60eALRzmEeyj2Qq8cOKkHw,كابستون: تطبيق إدارة المشروعات في العالم الحقيقي,applying-project-management-in-the-real-world-arabic,1653320798080,ar,,False
7vsRodoREeetQAqJ6u44Wg,FinTech Foundations and Overview,fintech,1526272866079,en,"7 hours of videos in total, plus a final project requiring about 5 hours to complete.",False
E-Vbg7q_EeupsAq4ot0YUQ,Promouvoir votre marque sur les réseaux sociaux avec BeFunky,promouvoir-marque-reseaux-sociaux-befunky,1623868750434,fr,2 heures,False
AW_qutKPEeux6ApRYvYN1w,"Extract, Transform, and Load Data",extract-transform-and-load-data,1634311043240,en,"3 weeks of study, 1–3 hours per week",False
sKN3F-NrEeqdwhKNflHjeQ,Управление рисками проекта и изменениями,project-risk-management-ru,1613058028519,ru,"4 weeks of study, 2-3 hours/week",False
eI2JeEmyEeuN9A5_DsIBjQ,مقدمة في التسويق عبر وسائل التواصل الاجتماعي,moqaddima-fi-al-tasweeq-aabr-wasael-al-tawasol-al-ijtimai,1617832083024,ar,5 أسابيع من الدراسة، 5-6 ساعات / أسبوعيًا,False
rHiQE2gqEeyxLxJK4mLviw,Choisissez une publication basée sur l'engagement avec Facebook pour les entreprises,choisissez-une-publication-basee-sur-l-engagement-avec-facebook-pour-entreprises,1653519502391,fr,2 heures,False
Zt9u1Mi4Ee2XXwqx_-522w,Emerging Markets - Jagdish Sheth,emerging-markets,1682945884764,en,,False
EdVH6_JIEeyxiRKaoDccyw,Storying the Self: Telling our Stories,storying-the-self-telling-our-stories,1664294889090,en,"Three weeks of study, 3-5hours/week",False
G4fjuwc6Eeua6xJHsC5tyw,Graphic design: create simple customised patterns using Gimp,customised-patterns-using-gimp,1606148718447,en,1 hour,False
0vC4fJutEeqItQqrNcNmCw,Business Transformation with Google Cloud en Français,business-transformation-google-cloud-fr,1594271074012,fr,"Une semaine d'étude, cinq à huit heures par semaine",False
tre-phoAEeyZ9BL8TB78QQ,Automize Monthly Report Creation with Power Automate,automize-monthly-report-creation-power-automate,1633706944909,en,90 minutes,False
4EOwdnX9EeuG_xLe4EWIOw,Advanced AI Techniques for the Supply Chain,advanced-ai-techniques-for-the-supply-chain,1626638213106,en,"3 weeks of study, 3-5 hours per week",False
JXYieEW8EeyDww6AVbEsWw,Introducción a Microsoft Word,intro-microsoft-word,1640836371806,es,1.5 horas,False
zhUzKhyAEeyguw70hCEltQ,Erstelle eine Facebook Gruppe,erstelle-facebook-gruppen,1632958478311,de,2 Stunden,False
Kzg9QkDxEeWZtA4u62x6lQ,Music and Social Action,music-and-social-action,1456120207596,en,"7 weeks of study, 2-3 hours/week",False
Q7tiH6CiEeiTHQqmhTjSDA,Interventions and Calibration,interventions-and-calibration,1587601051870,en,,False
r2017VrTEemLEw4J_47EwA,Cybersecurity Compliance Framework & System Administration,cybersecurity-compliance-framework-system-administration,1569257823411,en,,False
7sNP37xrEeiL4Q6DgrZ6DA,Natural Language Processing on Google Cloud,sequence-models-tensorflow-gcp,1539627433129,en,,False
rS28ZxGNEe26hQ4jkCdYhQ,Créer un tableau de bord d'analyse marketing à l'aide de Hubspot,creer-un-tableau-de-bord-d-analyse-marketing-a-l-aide-de-hubspot,1660578837231,fr,2 heures,False
tEqImn2kEeWb-BLhFdaGww,Pro Tools Basics,protools,1455311734103,en,,False
XjCpLoBIEeu22Qr64xhNcQ,Нахождение инвестиционной альфы,seeking-investment-alpha-ru,1615780647988,ru,2 часа,False
CVJg1EYkEeejjw678ALX-g,Design Patterns,design-patterns,1504539796689,en,"Four weeks of study, 5 – 8 hours/week",False
CJlO86ktEeyjPxJkzIUqCw,Bracketology with Google Machine Learning,googlecloud-bracketology-with-google-machine-learning-5ytsd,1648748515893,en,1 hour,False
yO13mkySEeW_MgoxMAgbMQ,Greening the Economy: Sustainable Cities,gte-sustainable-cities,1453147988595,en,"5 weeks of study, 5 hours/week.",False
75TPppoQEeaeaRLE7qfOBA,Positive Psychology Specialization Project: Design Your Life for Well-being,positive-psychology-project,1495350142789,en,"4 weeks of study, 2-5 hours per week.",False
d5CWKvhvEeSBSSIAC7JSBQ,VLSI CAD Part II: Layout,vlsi-cad-layout,1499625756948,en,,False
NnsavYayEeuGxgoh2tcx3w,أساسيات تحليل البيانات باستخدام بايثون وباندا,data-analysis-python-pandas-ar,1620672155242,ar,2 hours,False
up0P-a17Eeuk6gqY7Q1DAQ,Introduction to virtual networks in Microsoft Azure,introduction-to-virtual-networks-in-microsoft-azure,1620690719174,en,2 Hours,False
a3P-4LR1EeyQSBIjGmLcFQ,Création de Votre Panier E-commerce ,creation-de-votre-panier-e-commerce,1652202527594,fr,1 heure ,False
PypnGsCIEeqIWgqNFPWsWw,Introduction to Java,java-introduction,1611080046035,en,,False
baumlTm8Eeeahg4SvlLy9A,API Security on Google Cloud's Apigee API Platform,api-security-apigee-gcp,1519662180645,en,,False
XXZBGc97EeufchLeGgZGZQ,Relational Database Administration (DBA),relational-database-administration,1637617419532,en," 5 weeks of study, 2-4 hours / week",False
M1lJ0BrjEeui5Apx-DHBkQ,Waits in Selenium Test Automation Tool,waits-in-selenium-test-automation-tool,1604094399504,en,2 hours,False
LZZg6vhQEeWfYgqbi1xsdw,Chinese Characters for beginner 汉字,hanzi,1477679733728,zh,5-7 hours/week,False
wFc3FhwIEeyf4Ar-aygVCw,Introducción a Hootsuite,introduccion-a-hootsuite,1633635891410,es,2 hours ,False
N-oddxiMEeuyaw5Bb1iaHQ,Introduction to EDA in R,introduction-to-eda-in-r,1604084727478,en,2 hours,False
1ySOgz0YEe2C9xKboNgcdQ,Line Balancing With MILP Optimization In RStudio,line-balancing-milp-rstudio,1664895626948,en,2 hours,False
vq2XwnQ-EeWLqw7zlLhRzQ,Research Proposal: Initiating Research,research-proposal-initiating-research,1504589093627,en,"4 weeks of study, 2-5 hours/week",False
-FpKiRmcEem6cA6kboa4Lg,Copyright Law,copyright-law,1554128381608,en,"4 weeks, 3-4 hours/week",False
FjD-ZB8oEeScWCIACnuVZQ,Epidemiology: The Basic Science of Public Health,epidemiology,1412124300000,en,5.5 hours of videos and quizzes,False
6tx1Y3LiEeWxvQr3acyajw,材料力學一 (Mechanics of Materials (1)),mechanics-of-materials-1,1452548428215,zh,,False
Rm5xW9JGEe2_vw4ejszVZQ,Project Management Capstone,ibm-project-management-capstone,1681231667231,en,,False
qACP-W2QEeybxBLh3DTb8Q,Decision Making and Reinforcement Learning,dmrol,1676898371029,en,"12 weeks of study, 7-10 hours/week",False
rbpisItfEeyvPA6sg6vIAw,C++ Superpowers and More,c-superpowers-and-more,1651866684268,en,,False
8oNrB55yEem3chLmUHVycA,Inclusión social de personas con discapacidad desde un enfoque de derechos.,inclusion-social-personas-discapacidad,1565640123462,es,El alumno deberá dedicar un tiempo de 3 horas semanales,False
sO7LMq-KEeytqw64hz8ZCw,Create a Syllabus using Libre Writer,create-a-syllabus-using-libre-writer,1649459521362,en,2.5 hours,False
mwj3ASWcEeWs4gorU6Q1Yw,職場素養 (Professionalism) ,zhichang-suyang,1439324335353,zh,,False
gusjm0vYEeyXGRIPRJ5i_Q,أساسيات بروتوكول الانترنت الجيل السادس مع تقسيم الشبكات,asasiaat-ipv6-aleanuanat-walshabakat-alfareia,1639519965913,ar,ساعتين,False
ow2sS91aEeyZ0gqYTIpn5w,Introduction to UX Design MasterTrack Certificate Program,ux-design-open-content-shell,1671758505771,en,,False
8-shGkfyEeemlQrrzf9X-A,Fundamentals of Network Communication,fundamentals-network-communications,1505113425264,en,"5 weeks of study, 2-5 hours/week",False
zbYVe_jqEeun7hIsOx7cIQ,Operate Alibaba Cloud Systems and Services,alibaba-system-operator,1638806504889,en,"6 weeks of study, 5 hours a week",False
zDub1RTVEeueYA64LqU_IQ,Introduction to Korean Philosophy and Culture,introduction-to-korean-philosophy-and-culture,1614019420781,en,"4 weeks of study, 2-3 hours/week",False
NfesTYvZEeuE_RKa-eRtaQ,Crea una aplicación web con Vue.js,crea-una-aplicacion-web-con-vue-js,1617680785448,es,1 Hora,False
D-1ZBS_iEeyb5BLyoVYmQQ,Icons design for Mobile Application using Adobe Illustrator,icons-design-for-mobile-application,1643056605859,en,2 hours ,False
8MLA1GE4EeuEEgo2u-FGnQ,Object Detection Using Facebook's Detectron2,object-detection-facebook-detectron2,1613516830811,en,2 hours,False
iXhVutHqEeyS9RLEXEFb1w,Erstelle Videos für soziale Medien mit PicsArt,erstelle-videos-soziale-medien-picsart,1653929070906,de,2 Stunden,False
5hRQhN9AEeWsvwp02yXW0Q,Molecular Evolution (Bioinformatics IV),molecular-evolution,1464048024496,en,,False
ztW4ywX2Ee2FUAphC_7O7w,Business Model Canvas y Business Case en Miro,business-model-canvas-y-business-case-en-miro,1658431764596,es,2 horas,False
06EmILV2EeWq2A7HIftJ6w,Aléatoire : une introduction aux probabilités - Partie 2,probabilites-2,1454955008978,fr,2-3 hours/week,False
aMTeRCrMEeyxgAr51Gjbpw,Visualization for Statistical Analysis,visualization-for-statistical-analysis,1635367849515,en,2,False
9h_j5XEiEeWbbw5cIAKQrw,Advanced Search Engine Optimization Strategies,seo-strategies,1468861210523,en,"4-6 weeks of study, 5-7 hours/week",False
gFgfWyO6EeuYSw6LSjHEtw,R البرمجة باستخدام لغة,r-programming-ar,1615925206637,ar,,False
2gSeWoAbEeu22Qr64xhNcQ,Advertise and grow your business on Facebook with Canva,advertise-grow-business-facebook-canva,1615908683596,en,2 hours,False
llW5zlnXEeaw3QoEHqdPHw,透过摄影看世界,sheying,1475252266804,zh,预估课时和工时： 学习为期六个星期，每星期需约1-2小时的时间。,False
zLmOlIuWEeuE_RKa-eRtaQ,Google Meet - Español,google-meet-and-google-chat-es,1622221479696,es,"3 weeks of study, 6-8 hours/week",False
RFzin6ZHEe2vIArAL4DD4w,Building Relationships with Communication,buildingrelationshipswithcommunication,1676524993251,en,,False
nW1dUu13Eea2mxLTB28_VA,Strategic Innovation: Managing Innovation Initiatives,strategic-innovation-innovation-at-the-frontier,1492625128130,en,"3-4 hours a week of study, including watching videos, doing the readings, and completing assessment",False
xaYbkyBTEeWibgoGfGzczQ,4.- El Cálculo - Otros Modelos,calculo-4,1440012881356,es,5-6 horas/semana,False
yS8ezjDPEeW-zwq84wShFQ,Reason and Persuasion: Thinking Through Three Dialogues By Plato,plato-dialogues,1454456339260,en,3-4 hours/week,False
Axwi2MCtEeedJRJjt8USWA,Influencer Marketing Strategy,influencer-marketing-strategy,1537200490632,en,,False
IjAlbH3IEeWb-BLhFdaGww,Introduction to Power Electronics,power-electronics,1453703650370,en,"3 weeks of study, 1-3 hours/week",False
Z-yCHkNJEe2mHw6_tHpU9Q,Professional Selling: Step 2 - Prepare Like a High-Performer,professional-selling-step-2,1678118601572,en,,False
YpWmR28LEeulIxJCZb_vVQ,Leadership and Disruption,leadership-and-disruption,1618598376706,en,13 hours,False
SV_hEA5YEeaX4g6xdats6w,Matemáticas financieras,matematicas,1480297097008,es,,False
4jYk0e-qEeutkA6RBhqgvQ,Build ATM User Interface using Routing in Angular,build-atm-user-interface-routing-angular,1628009539019,en,2 hours,False
hZjH8QtZEeyNuxKAzhaylw,Introduction to Microsoft Excel,introduction-microsoft-excel,1631892978531,en,1.5 hours,False
0jk2ODDsEeiGpQoF2nM0eA,Professionalism in an era of change,professionalism-in-an-era-of-change,1555349132385,en,"6 weeks of study, 3-4 hours/week",False
JV2US53WEeW4xRJkiwxnYw,Rédaction de contrats,contrats,1456175551080,fr,,False
OAyrZ4C8EeaajBLtQE6fuQ,Six Sigma Tools for Improve and Control,six-sigma-improve-control,1500315180429,en,,False
AYk6ZDNVEeyTERK47a9PLQ,Créer des cartes sur Trello,creer-cartes-trello,1635514167037,fr,2 heures,False
qu8u8vqKEeSDoyIAC1CH0g,What’s Your Big Idea?,big-ideas,1435771827534,en,2-3 hours/week,False
nHq9Y2efEeexBQ7xGbB4Dg,"Afrique et mondialisation, regards croisés",afrique-mondialisation,1511082097585,fr,,False
fGx9S27FEey4uArRczA0dw,كيفية بناء ديموغرافية جمهورك المستهدف على فيسبوك,kayfiat-bina-dimughrafiat-jumhurik-almustahdaf-ealaa-facebook,1646938345171,ar,ساعتين,False
7qLSQSrDEey4dA6DVmO2QQ,مشاركة البيانات من خلال فن مؤثرات عرض التصور,share-data-through-the-art-of-visualization-arabic,1656508423395,ar,,False
kQ464l2SEeyqRw7g84MSoQ,طرق تقييم الشركات | Business Valuation Approaches,business-valuation-approaches,1652265190424,ar,1 أسبوع دراسة، 1 - 2 ساعات/ أسبوع,False
3Fbjo3_FEe2MDA4NmZ7FXQ,재생 에너지: 기본 원칙 및 일자리 창출,renewable-energy-fundamentals-ko,1679614348945,ko,,False
Rdn9ByChEey1uRLrSkRGzw,Innovating with Data and Google Cloud en Français,innovating-with-data-google-cloud-fr,1637621197180,en,"1 week of study, 3-4 hours/week",False
YXDFz6KXEeWM5RIHOLu8Dw,Chemerinsky on Constitutional Law - The Structure of Government,chemerinsky-on-constitutional-law-structure-of-government,1477321245740,en,,False
E7Ud-hSZEeql5Q6gbn1wnw,Vozes da Mudança Social,vozes-da-mudanca-social,1582501764680,pt," 5 semanas de estudo, 1-2 horas por semana.",False
cvZHh-n6EeqTzBKilmbQoQ,Create and Design Digital Products using Canva,create-design-digital-products-canva,1598904490378,en,2 hours,False
2prtDtPREeWh-hLKMaYc3w,Introdução ao Controle de Sistemas,controle,1456535001047,pt,,False
jqT6nrHfEeiG4w7I1UJuRA,Branding and Customer Experience,branding-and-cx,1544820107272,en,2-3 hours/week,False
funIV-vwEeqAUQ6akpjdKQ,Creating Interactive Learning Videos with Edpuzzle,creating-interactive-learning-videos-edpuzzle,1599064091157,en,1 Hour,False
CfHR4U6yEeuZGAr_TcQGiQ,Introduction to Text Classification in R with quanteda,text-classification-in-r,1611764753055,en,2 hours,False
B5KAz1mLEeufpw6SmrNCpQ,"Fandom, Community, and Identity in Popular Music",fandom-community-identity-popular-music,1620065653772,en,"A few hours a week, flexible",False
SxXuFKkyEeyjPxJkzIUqCw,Build an End-to-End Data Capture Pipeline using Document AI,googlecloud-build-an-end-to-end-data-capture-pipeline-using-document-ai-wiisg,1648673268401,en,1 hour,False
k1EoDdm3EeWpMxLJs6PspQ,Proyecto de Fundamentos Empresariales de Wharton,wharton-proyecto-final-empresariales,1491666698166,es,,False
yHvuv3ZLEei_sRJ3tviPRg,Continuous Delivery & DevOps ,uva-darden-continous-delivery-devops,1539587073557,en,"3 weeks of study, 2-3 hours/week",False
gd4DmKC4EeyUAw55EDxhQQ,Create a fundraising page on KissKissBankBank,create-fundraising-page-kisskissbankbank,1647619266979,en,1 hour,False
55uZwJFTEeyw3RKLNRxAsw,Cómo combinar y analizar datos complejos,data-collection-analytics-project-es,1646108883157,es,,False
rocDEVGWEeuV3xJQIImqCQ,"Crea un app de Machine Learning con Spark, Synapse Analytics",app-machine-learning-spark-synapse-analytics,1610151561749,es,2 horas,False
jPEdsYhdEeughAqMzJLqTQ,Introduction to Personal Finance,personal-finance-introduction,1619366634092,en,,False
Kf3vX30IEeu3uhKhdnv_7w,Apply advanced testing for your Django web application,advanced-testing-django-web-application,1615919171286,en,2 hours,False
hlhVA9e5EeyQvgo7cUCLcw,Comment créer un entonnoir avec Facebook Analytics,comment-creer-un-entonnoir-avec-facebook-analytics,1658863506717,fr,2 heures,False
5epfT7cBEeScDCIAC9REiQ,Our Energy Future,future-of-energy,1429569012650,en,"45 hours of videos, quizzes and peer reviews",False
qqP6hnElEeWi0g6YoSAL-w,"GIS Data Formats, Design and Quality",gis-data,1459787275420,en,"4 weeks of study, 2-3 hours/week",False
I4PrIvEQEeq18hLhVDIb3w,Modalidades organizacionales ágiles en base a la Metodología Scrum,metodologia-scrum,1610655511633,es,,False
arnSxXD2EeqyghJqNT56Rw,Image Denoising Using AutoEncoders in Keras and Python ,autoencoders-image-denoising,1585588162983,en,2 hours,False
xAtyYRGQEey-mQ5gH9dQQQ,Build an Anomaly Detection Model using PyCaret,build-an-anomaly-detection-model-using-pycaret,1631474518808,en,2 hours,False
3791_tdbEeS2-SIAC4-TTw,Fundamentals of Management,fundamentals-of-management,1428113384189,en,"4-8 hours of videos, readings, and quizzes",False
NPPTTevUEeq2Pw6a-ihd1Q,Create a Boggle Word Solver using recursion in Python,boggle-python-recursion,1600362840297,en,1 hour,False
6eR54Y_nEeWF6gpQJiw6hQ,创新思维,chuangxin-siwei,1465238147011,zh,"4 周课程, 1-3 小时/周",False
VuRXs3EiEeWrAxJQXw-8PQ,Fundamentals of Visualization with Tableau,data-visualization-tableau,1471877968923,en,"4 weeks of study, 3-5 hours/week",False
Xr_oElFfEeulPAroU7-MFQ,又見大觀：《紅樓夢》中的烏托邦 (The Red Chamber Dream (3): Daguan Garden),the-red-chamber-dream-daguan-garden,1613491266832,zh,,False
ENhHCTboEeW8ZAoCexam_w,Data Analysis Tools,data-analysis-tools,1445363926225,en,,False
ie8lvNiVEeuV-w4mcWVOEw,Introduction to AWS Elastic File System,introduction-to-aws-elastic-file-system,1626110874053,en,2 hours,False
sun6mm4gEeyQuAqyaULE4w,العمل مع المكونات في تطبيق فيغما,aleamal-mae-almukawinat-fi-figma,1645652499216,ar,ساعتين,False
XvJBLJVHEea0-w59UvC4Ag,Financial Accounting Fundamentals,uva-darden-financial-accounting,1489985382033,en,"5 weeks of study, 2-3 hours/week",False
U-ltZQBvEe2xiRKaoDccyw,Mapa de empatía en Miro,mapa-de-empata-en-miro,1658070254642,es,2 horas,False
5aTJVUhVEeWJHwqqqPAooQ,Subsistence Marketplaces,subsistence-marketplaces,1460393159510,en,,False
41yk6loBEe244QqZ1Zw-dQ,Creating a Startup Company,creating-a-technology-startup-company,1673976248875,en,Six to eight hours a week for five weeks,False
A4W_GyDjEeW5Rwo0txKkgQ,Introduction to Programming with MATLAB,matlab,1461357736006,en,"9 weeks, 3-4 hours/week",False
hMem5RnjEeyf4Ar-aygVCw,Python Database Connection with MariaDB From Infosys,python-database-connection-with-mariadb-infosys,1637596488104,en,1 hour,False
HHIwfNd-Ee24zA5Eu0YNIw,Optimizing Applications Using Cloud Profiler,googlecloud-optimizing-applications-using-cloud-profiler-1sh2v,1681625859814,en,90 minutes,False
I4IHiKkpEeyxDg4ukgkVlw,Using OpenTSDB to Monitor Time-Series Data on Cloud Platform,googlecloud-using-opentsdb-to-monitor-time-series-data-on-cloud-platform-spfpj,1648744042265,en,1 hour,False
FCaOOASDEeuzYhLFIVK5hw,Diabetic Retinopathy Detection with Artificial Intelligence,retinopathy-detection-using-deep-learning,1607355087032,en,2 hours,False
_2rQV8VtEeyomwo-MdMgTQ,Get started with Microsoft Planner,get-started-microsoft-planner,1652727742453,en,90 minutes ,False
dKmtok6HEeqK1A6jODXf4w,Image Classification with CNNs using Keras,image-classification-cnn-keras,1581705082335,en,1 hour,False
9oqf53guEeqFmApiyXt5eQ,Manipulate Object Properties with C# in Unity,manipulate-object-properties-c-sharp-unity,1591658871509,en,1.5 hours,False
Tq_sjE-_EeiNBQqYqBGpZg,Google Cloud Fundamentals: Core Infrastructure en Français,gcp-fundamentals-fr,1533000105152,fr,"Une semaine de formation, six à dix heures par semaine",False
2bUbbWYPEeyxLxJK4mLviw,استراتيجيات تمركز المنتج | Product Positioning Strategies,product-positioning-strategies,1652264429242,ar,1 أسبوع دراسة، 1 - 2 ساعات/ أسبوع,False
HAa6frHpEemLFAoeawEMjg,"Fundamentals of Negotiation, with Goldman Sachs 10,000 Women",10k-women-10,1578589681076,en,5 hours/week.,False
7zlrfeNdEeafIArLeQBXwg,Python Programming Essentials,python-programming,1509386714984,en,This is a four week class with an expected workload of 5-7 hours per week.,False
fJCXLJkeEeml5wpuotDEDA,Introduction to Deep Learning & Neural Networks with Keras,introduction-to-deep-learning-with-keras,1567698889136,en,2 - 3 hours/week,False
gs0916foEeinLg4Ioj00GA,Cómputo evolutivo,computo-evolutivo,1560976100026,es,"4 semanas, 3 a 5 horas por semana.",False
yKYlJWyDEeyIUg4Qv2RsBQ,الذكاء العاطفي | Emotional Intelligence,emotional-intelligence-,1652266975316,ar,1 أسبوع دراسة، 1 - 2 ساعات/ أسبوع,False
5c6IfaauEeu5Kg4Ld8SHnQ,Principles of Public Relations,principles-of-public-relations,1628184322821,en,,False
S-Tk2dKpEeu0JA70HcoQjw,Facial Keypoint Detection with PyTorch,facial-keypoint-detection,1630601442969,en,2 hours,False
eDu3y3Q7EeWKsgrp3VnvAw,Google SEO Capstone Project,seo-project,1475503806464,en,,False
X2RyYNDOEeqhiA7L-GqZwQ,Laboratório de Programação Orientada a Objetos - Parte 1,lab-poo-parte-1,1613397929512,pt,6 semanas / 3h por semana,False
oaeb_GhiEeiWWA7RoNO8_g, Mandarin Chinese for Intermediate Learners: Part 1,mandarin-chinese-intermediate-learners-1,1535958157101,en,5-6 hours per week,False
BJPOZ3xREeeBZAoxA8giLg,Designing for Sustainment: Keeping Improvement Work on Track (Patient Safety IV),patient-safety-sustainment,1520226175374,en,,False
m9Rh-EPaEeqEIAr9EHdN-Q,Infrastructure and Application Modernization with Google Cloud,google-cloud-product-fundamentals,1582753004631,en,"3-4 hours of study, no less than 1 hour/day",False
IEE-83HuEeWi0g6YoSAL-w,社会调查与研究方法 （上）Methodologies in Social Research (Part I),shehu-yanjiu-fangfa,1452806109064,zh,4-6 hours/week,False
3x9UKw40EeeYSwoRrxflRA,Reporting extra-financier et stratégie RSE,reporting-extra-financier-strategie-rse,1496613640928,fr,"4 semaines, 2 à 8 heures par semaine ",False
VIIcqc3AEeu0KQ5V9fFcUQ,Stepping Up: Leading Others,stepping-up-leading-others,1641815722645,en,,False
HxW1_n3iEeyRTg6FtAvfBw,Nuts and Bolts of U.S. Immigration Law,us-immigration-law,1646420977467,en,"4 weeks, 3-4 hours/week",False
yIxVgGsUEeufExI7Hdi1lQ,Causes of Racial Inequity in Healthcare,causes-of-racial-inequity-in-healthcare,1631541202392,en,"5 weeks of study, 3-4 hours/week",False
Tr9rK6JtEeSwKiIACiONVg,Introductory Human Physiology,physiology,1422914678064,en,22 hours of videos and assessments,False
qZAnpkPTEeyAbA5xFHp_HQ,Learn Cypress UI test automation with real-time scenarios,learn-cypress-ui-test-automation-with-real-time-scenarios,1637171268507,en,2.5 Hours,False
tYcyLYE4Eeu0KQ6qYUShew,User Experience Design with Disney Creative Strategy in Miro,user-experience-design-disney-creative-strategy-miro,1617729368248,en,2 hours,False
oEqrMXqhEear9RKoJLO5Cw,"Positive Psychology: Character, Grit and Research Methods",positive-psychology-methods,1489974958698,en,"Four weeks of study, 5-7 hours a week.",False
sivDp5AYEeyYbAqQh-YaNw,3. 探索用データを準備する,data-preparation-japanese,1661446608177,ja,,False
9kBZSH06EeynSxJpnIcphQ,Crea formularios con React Hooks y MUI,crea-formularios-con-react-hooks-y-mui,1645561961208,es,Entre 120 y 180 minutos,False
IByJ51FlEeulPAroU7-MFQ,Python for Finance: Beta and Capital Asset Pricing Model,copy-of-portfolio-assets-allocation-and-statistical-data-analysis,1610757168822,en,2 hours,False
xdJWwFRsEeyztRI2_PL3ow,تعديل النصوص في لينكس,text-editing-in-linux-ar,1642446159157,ar,ساعتين,False
Cga_aXSbEeyF8hLCYR41HQ,Introduction to Biology: Ecology,introduction-to-biology-ecology,1663624895565,en,,False
0Nk7vTzVEeuAmQ4FR3Ku3Q,Presenting Data Using Charts with Canva,presenting-data-using-charts-canva,1609787788724,en,1 hour 30 minutes,False
qi1iC49MEeySRg4Nwg3igw,Crear un panel de inspiración para su marca con Canva,crear-panel-inspiracion-marca-con-canva,1646264252133,es,2 hours,False
vTrmvqkpEeyxDg4ukgkVlw,Distributed Load Testing Using Kubernetes,googlecloud-distributed-load-testing-using-kubernetes-9vl8y,1648670108345,en,1 Hour,False
SgcGB0YOEeemlQrrzf9X-A,Financial Markets,financial-markets-global,1498833173374,en,"7 weeks of study, 3 - 4 hours per week ",False
Wv_qFVYzEeWKXg4Y7_tPaw,The Manager's Toolkit: A Practical Guide to Managing People at Work,people-management,1464020363028,en,"6 weeks of study, 1-3 hours/week",False
0oGWe3qxEeuopA5i1snABQ,"Python Scripting: Dates, Classes and Collections",python-scripting-dates-classes-collections,1618414978599,en,4 weeks of 6-8 hours/week,False
A--9GrmqEeW6YA7MjVrgzw,Training and Learning Programs for Volunteer Community Health Workers,commhealthworkers,1479686748284,en,"6 weeks of study, 2-3 hours per week",False
koVAwj03EeWZtA4u62x6lQ,Inglés Empresarial: Gestión y Liderazgo ,ingles-empresarial-gestion-liderazgo,1446249601033,es,,False
AqeLjUQ1EeiJ3RL_2DUY7A,The Social and Technical Context of Health Informatics,the-socio-technical-health-informatics-context,1546309879688,en,,False
ZvhmRoCvEeyg9hKH5WRuwQ,Develop a free website with WordPress,develop-free-website-wordpress,1645728683611,en,1 hour,False
C9T2cxgjEeuWFBKXbYUaVw,Budget- und Terminplanung von Projekten,schedule-projects-de,1613057988628,de,"4-wöchiges Studium, 2-3 Stunden / Woche",False
a05nBT8oEeWpogr5ZO8qxQ,İnfertilite Hemşireliği (Infertility Nursing),infertilite,1447697793569,tr,,False
8ZbHjRtCEeWBKhJRV_B8Gw,Materials Data Sciences and Informatics,material-informatics,1466457893396,en,"5 weeks of study, 2-3 hours/week",False
10zAa9I-Ee2_vw4ejszVZQ,Ethics in Engineering,ethics-in-engineering,1683045732237,en,,False
xkJeRWOTEeeqbxLIz9M6nA,Software Design Methods and Tools,software-design-methods-tools,1509490658640,en,"4 weeks, 2-2.5 hours/week",False
JcdM4tGSEeqzDhKvF4BH3Q,Build an App in Android Studio using Static Files,build-an-app-in-android-studio-using-static-files,1596231594238,en,120 Minutes,False
EPE3_nfpEemlDg5HMbzNvA,Cybersecurity Awareness and Innovation,cybersecurity,1560532298719,en,4 hours of study,False
xxyhHtuIEeyfjw5n9ulJOw,Analyze Survey Data with Tableau,analyze-survey-data-tableau,1653776168239,en,1-2 hrs,False
ffxtI0X9EeyDww6AVbEsWw,رسم الإطار السلكي في منصة موك بلاس,rusm-aliitar-alsilkii-fi-minasat-muk-blas,1637171326573,ar,ساعتين,False
OciPrfK8EeqTkwp4rvMwmw,Create a Departure and Personal Statement for Interviews,departure-personal-statement-interviews,1611968336578,en,45 minutes,False
iCIGe_T6EeS-1yIAC7MN4w,Experimental Methods in Systems Biology,experimental-methods,1446481614855,en,6-8 hours/week,False
5dg1tMuvEeyv-RJie8hErw,"Player  Evaluation, Team Performance and Roster Management",player-evaluation-team-performance-and-roster-management,1672570996914,en,"5 weeks of study, 2.5 hours/week",False
gTB6y8MvEeyG4BLZc9OB2w,Crea Diseños de Marketing en Redes Sociales con Canva,crea-disenos-de-marketing-en-redes-sociales-con-canva,1651949750865,en,"1,5 hs",False
t2hchZe2EeWjfxIrc5BW9Q,"Працюйте розумніше, а не більше: управління часом для особистої та професійної продуктивності",upravlinnya-chasom,1450481276384,uk,"4-8 hours of videos, readings, and quizzes",False
utapY1X5EeuhCA5K4_4e8w,Apply basic testing for your Django web application,basic-testing-django-web-applications,1612477483424,en,2 hours,False
jw20UvWIEeyxiRKaoDccyw,Introducción a Microsoft Excel,introduccin-a-microsoft-excel,1657062232245,es,1 hora y 20 minutos,False
hEMZ5zJuEeaGtRI0HQleow,"HI-FIVE: Health Informatics For Innovation, Value & Enrichment (Clinical Perspective)",hi-five-clinical,1478017874734,en,,False
g-STJPVhEeuWbhLo_UpjIw,Digital Transformation with Google Cloud - בעברית,digital-transformation-google-cloud-iw,1631574799052,he,"1 week of study, 3-4 hours",False
cA9rxCrHEeyavRI3rIvGvQ,Analyse de données avec la programmation R,analyse-de-donnees-avec-la-programmation-r,1658446400055,fr,,False
qRzsCVEUEeeF5RIYZYolcA,Asymmetric Cryptography and Key Management,asymmetric-crypto,1507650903243,en,2-5 hours/week,False
EJLU-t6tEe2LfA4g_9G5IQ,Google Chat - Español,google-chat-espanol,1682980463645,es,,False
8Z7juCSzEeu1hw7_NRI1RQ,Finanzen für Nicht-Finanzfachleute,finance-for-non-finance-de,1616187426532,de,,False
w6WbWj15Eey2HhKRvGWgpQ,Central Banks and Monetary Policy,central-banks-monetary-policies,1643064185287,en,,False
8UtEZ8uGEeu0Vgq9qoHWjQ,How to Create an Instagram Business Account,how-create-instagram-business-account,1623942564987,en,2 hours,False
LQMVqakqEeyjPxJkzIUqCw,Dataflow: Qwik Start - Templates,googlecloud-dataflow-qwik-start-templates-jvtzv,1648762891430,en,30 minutes,False
f6s8aXQ3EeWIfhKr_WcYsQ,Essential Design Principles for Tableau,dataviz-design,1477958066273,en,"4 weeks of study, 5-7 hours/week",False
NDBJAUWDEeWbNhIvIryYow,Investment Management in an Evolving and Volatile World by HEC Paris and AXA Investment Managers,investment-management,1460388417894,en,"4 weeks of study, 2-3 hours/week",False
QBmACWATEeuq0w6PBiz2JQ,ML Pipelines on Google Cloud,ml-pipelines-google-cloud,1613419890839,en,"3 weeks of study, 6-8 hours/week",False
sUpST4RAEeawAApvKZgcCQ,Fundamentals of Scalable Data Science,ds,1483945121018,en,,False
mkod6yZFEeyavRI3rIvGvQ,Conduzir pesquisas de UX e testar os primeiros conceitos,conduzir-pesquisas-de-ux-e-testar-os-primeiros-conceitos,1651249541080,pt,,False
kDy16R-8Eee1gxLK2jyL4g,Web and Mobile Testing with Selenium,web-mobile-testing,1668615913867,en,,False
O0lyZeVUEeSglCIACzUL2A,Mastering Remote Work and Online Study in U.S. in the post-COVID Era,e-learning,1456854654169,en,"5 weeks, 4-5 hours/week",False
RHsxQtoSEeeHwhJGCo5gVg,FinTech Risk Management,fintech-risk-management,1535958078999,en,"7 hours of videos in total, plus a final project requiring about 5 hours to complete.",False
s6euojfiEeyZlQoNyXy15Q,Jenkins Pipeline: Declarative and IaC approaches for DevOps,jenkins-pipeline-write-declarative-and-iac-devops,1636050143695,en,2 hours,False
BEjQU3kbEeqayxIVuQI5Hw,Introduction to Social Media Marketing,social-media-marketing-introduction,1600118670086,en,"5 weeks of study, 5-6 hours/week",False
UNEaRTncEemOlwqkscvK-A,Digital business - Grow on digital world,grow-on-digital-world,1621963450433,en,"3 weeks of study, 2-3 hours/week",False
m8BEnbnZEeewUQ7IuhPUJA,Concurrency in Go,golang-concurrency,1536591315716,en,,False
YOZuzEltEeyq9Q4Bl6meLw,Splunk Search Expert 103,splunk-search-expert-103,1639162246373,en,,False
ot5PasrMEeyrfRJb6yDGgQ,Create a Macro Processor with PERL,create-macro-file-processor-perl,1652381743343,en,1.5 hours,False
5xzZA-NpEeqpVgqb3URATw,Введение в анализ данных с помощью Excel,excel-data-analysis-ru,1625506766806,ru,"4 недели обучения, 1–3 часа в неделю",False
QRDjcWLVEeWFkQ7sUCFGVQ,"Origins - Formation of the Universe, Solar System, Earth and Life",origins-universe-solarsystem,1445299475789,en,5-7 hours/week,False
n-wS6R3vEeu4URJIeiM1Gw,Human Predicament Complex Modeling,predicament-modeling,1604986416655,en,1.5 hours,False
Im0YAECdEeu8SQoz66ejcQ,Linux: Archiving and Compression for DevOps (tar/gzip),rudi-hinds-linux-archiving-compression-tar-zip-gzip-devops,1609570811713,en,2 hours,False
nSNou7iHEemxSgo5Sox6MA,Stability and Capability in Quality Improvement,stability-and-capability-in-quality-improvement,1634141619906,en,,False
bIopQXeNEeuChw5FKfyZnw,Creating a simple Calculator in Android using Java,simple-android-calculator,1614638392024,en,1 Hour,False
zSRvHc7MEeyIXQ7d-KWeWQ,Design engaging Stories for Instagram and Facebook in Easil,design-engaging-stories-instagram-facebook-easil,1654024745261,en,2 hours,False
MwrtgKkpEeyxDg4ukgkVlw,Running a MongoDB Database in Kubernetes with StatefulSets,googlecloud-running-a-mongodb-database-in-kubernetes-with-statefulsets-jzyom,1648765373515,en,45 minutes,False
0QWxlxCpEeqhNg4Ht9Efuw,Essentials of Palliative Care,essentials-of-palliative-care,1601491336428,en,"7 weeks, 2-3 hours/week",False
Xx0WYUDXEeuofRLHWX896w,Pensamiento crítico: toma de decisiones razonadas,pensamiento-crtico-toma-de-decisiones-razonadas,1618874936345,es,"4 semanas de estudio, 5-8 horas/semana",False
SKNGIQmrEeyfCRK_crecDw,Discover types of Facebook Ads and the best for you,discover-types-of-facebook-ads-and-the-best-for-you,1631734184779,en,2 hours,False
CQGGI7MSEeuwHwqjKnossQ,Microsoft Azure Relational Databases,microsoft-azure-relational-databases,1621286431311,en,"This project should take approximately two hours to complete including, Videos, Tasks, and Quiz",False
9QkSLTXREemXORL4USiTDg,Security and Privacy for Big Data - Part 2,security-privacy-big-data-protection,1552492753645,en,3-4 hours,False
R3zgTGI_EeulCAru6LXRlQ,برنامج تنبيه سطح المكتب باستخدام Python: إشعارات Covid-19,personal-desktop-notification-python-arabic,1612311562417,ar,1 hour 15 mins,False
4UY38bp4EeyjBhKbu4asXQ,Créez des infographies avec Piktochart,creez-infographies-avec-piktochart,1650466218160,fr,2 heures,False
gftBfIl0EeqZsg72h675gw,Supervised Machine Learning: Regression,supervised-machine-learning-regression,1595287630143,en,,False
T3kBZAV3Eey5zQ4LqE3elQ,Create a Writing Rubric with Microsoft Word,create-writing-rubric-microsoft-word,1631106156961,en,1.5 hours,False
ArePsB1SEeu6LRJwytZjjQ,Renewable Energy Technology Fundamentals,renewable-energy-technology-fundamentals,1626724091445,en,about three hours a week for five weeks,False
Dz26W2BwEeyIUg4Qv2RsBQ,"Riscos Financeiros (Crédito, Mercado e Liquidez)",riscos-financeiros-credito-mercado-e-liquidez,1644867888450,pt,"4 semanas, de 4 a 5 horas por semana.",False
ugb6Qi1HEeyNShJufRq5Zw,بدء عملية تصميم تجربة المستخدم: التعاطف والتحديد والتصور,start-the-ux-design-process-empathize-define-and-ideate-arabic,1656507777363,ar,,False
ipw7Fn_GEe2QHRL3YiV0EQ,혁신적인 비즈니스 모델 만들기,business-model-ko,1679614516609,ko,"5주 차, 주 당 1~2시간",False
A8P8lBeeEeyguw70hCEltQ, Understanding the average Facebook User,understanding-the-average-facebook-user,1632939500537,en,2 hours,False
1psdSVOIEeyc0w4h2jEFEQ,Introduction to Management Consulting,introduction-to-management-consulting,1656601384049,en,,False
h0Ngeyu3EemNFQpLsVDzbg,Evaluación del Aprendizaje en Escenarios Clínicos,evaluacion-aprendizaje-escenarios-clinicos,1570223555562,es,"5 semanas de estudio, 5 a 6 horas/semana.",False
-Cq1MLl2EeupsAq4ot0YUQ,Test Driven Development in Java for Beginners ,test-driven-development-in-java,1621627027958,en,1.5 hours,False
eIyQxAgXEeuQYxJED9H_1w,(Non) Status quo Attitudes with NetLogo,nonstatusquo-attitudes-netlogo,1602101002458,en,1.5 hours,False
9Rh96sXcEeiTeRJBbcsvoA,Programming with Cloud IoT Platforms,cloud-iot-platform,1542787537919,en,,False
eGUHRneUEeWtpg5GoAM5Iw,TDD – Desenvolvimento de Software Guiado por Testes,tdd-desenvolvimento-de-software-guiado-por-testes,1464015828985,pt,32 horas,False
0gviQReHEeuSHgpZ7h3UkQ,Interpretable Machine Learning Applications: Part 1,interpretable-machine-learning-applications-part-1,1606236446980,en,"2-hour course, including time of video recordings, practicing and readings, taking the quiz.",False
92ZkI2ktEeyQuAqyaULE4w,Deep Learning with PyTorch : GradCAM,deep-learning-with-pytorch-gradcam,1645560069301,en,2 hours,False
Nsk2Pe4oEeqGYA4MVtznxw,Create an FPS Weapon in Unity (Part 4 - Ammunition),create-fps-weapon-unity-ammunition,1603159460488,en,2 hours,False
usX8YzK1Ee2PAQonVRkX_w,"Defining, Describing, and Visualizing Data",defining-describing-and-visualizing-data,1678698155875,en,,False
9DPADi9gEeuaOgo_dEPKnQ,Introducción a computación serverless con Azure Functions,serverless-azure,1607649993336,es,60 minutos,False
7XYEjJftEeuFpwo_oTjObQ,Segurança de TI: defesa contra as artes negras digitais,it-security-pt,1625082868339,pt,,False
8pUONZMPEeyq9goucahs1w,Creando un bot con Power Virtual Agents,creando-bot-virtual-agents,1646511414212,es,1 hora,False
UIi0kNpgEeWP9RIK11q74w,Systems Science and Obesity,systems-science-obesity,1465794357308,en,"4 weeks of study, 2-3 hours/week",False
_WDDTxT6Ee24OxJKbpgSRQ,Applying Systems Engineering to the Design Process,applying-systems-engineering-to-the-design-process,1683536525524,en,"5 weeks, 4-5 hours/week",False
GVy8tIIKEeWXmQ4F86nmrw,Parallel programming,scala-parallel-programming,1463981301279,en,,False
rc_zpSXzEeyYSQpZ2Lq_Yw,Read an Input File with COBOL,read-input-file-cobol,1634656794159,en,1.5 hours,False
s6_Z4SBAEeWcQw5YiljpGw,Major Depression in the Population: A Public Health Approach,public-health-depression,1478441925653,en,"6 weeks of study, 2 hours per week",False
2TgP1dASEeqOaApg6D3QFw,"Element, Class, and ID Selectors in CSS",element-class-and-id-selectors-in-css,1596259421467,en,1 hour 10 minutes,False
62vCVFJ9EeyVGA66xJWpIw,كيفية ربط الحسابات الإعلانيّة مع حساب مدير الأعمال في فيسبوك,kayfiyat-rabt-alhisabat-alelaniya-maa-hisab-modir-alaamal-fi-facebook,1646237505196,ar,ساعتين,False
9sWHe8bqEey3GgqQBm7DaQ,Utilisation des méthodes de Deep Learning avec Python pour la prédiction boursière.,prediction-bourse-python-lstm-streamlit,1653953028812,fr,1 heure ,False
FVFq7YWVEeqzpxI5q0qHcw,Building Web Applications in Django,django-build-web-apps,1595263101360,en,,False
FsWW9WHcEeyGyBIIdSsL5w,Google Sheets - Advanced Topics 日本語版,google-sheets---advanced-topics-ja,1644961378502,ja,,False
Qp6UTcRiEeuomxKskoeqkw,How to Plan a Content Calendar using Trello,how-plan-content-calendar-trello,1623422878688,en,2 hours,False
-CXas9YJEeiCPwpF46-ztg,Professional Responsibility and Ethics for Accountants,ethics,1557153635140,en,"4 weeks of study, 3-4 hours/week",False
kBoaABofEeubBRI-wUd-0Q,JavaScript For Loop,javascript-for-loop,1604605707863,en,2 hours,False
U-trko9HEeyM0xL-J-M65Q,Create Facebook Graphics in Visme,create-facebook-graphics-visme,1652285610117,en,2 hours,False
XwJR7jioEeqP1g6x55It5w,Generalized Linear Models and Nonparametric Regression,generalized-linear-models-and-nonparametric-regression,1620032516099,en,,False
4q-WyKE4Eeq6sw53XZdVoQ,Programación en Python,programacion-python,1608920558212,es,"15 horas por cada uno de los 4 módulos, los cuales pueden desarrollarse en periodos de 1 o 2 semanas",False
wyqudWu8EeufExI7Hdi1lQ,SQL CASE Statements,sql-case-statements,1613695063453,en,2 hours,False
FoN_Tts8Eeyfjw5n9ulJOw,Reaching Vulnerable Groups through Pandemic Policy,reaching-vulnerable-groups-through-pandemic-policy,1667233264853,en,,False
QtQShZObEeqcUw5ApMKwQQ,Richard Schechner's Introduction to Performance Studies ,richard-schechners-introduction-to-performance-studies,1597076125280,en,,False
nQTJvZWiEeyHuA5cIqn4NQ,Design thinking for beginners with Mural,design-thinking-for-beginners-with-mural,1646347039369,en,2 hours,False
zPHc3zijEeyZlQoNyXy15Q,How to Set Up a Facebook Ads Campaign,how-to-set-up-a-facebook-ads-campaign,1635969433940,en,1.25 hours,False
37Tz7iADEeqX7RKkM74m0w,Making the Case for Robotic Process Automation,robotic-process-automation,1580734936118,en,,False
JB3hLEDLEe2G8Are2MuL1Q,Promoting Accessible Workplaces with Assistive Technology  ,promoting-accessible-workplaces-with-assistive-technology,1666796543374,en,,False
3FBY1Z4eEeev7w6v-2RTNg,Customer-Centric IT Strategy,uva-darden-customer-centric-it-strategy,1518449790646,en,"2 weeks of study, 1-2 hours/week",False
7hVhJqkyEeyjPxJkzIUqCw,Cloud IDS: Qwik Start,googlecloud-cloud-ids-qwik-start-ugzxk,1648750797490,en,1 hour 15 minutes,False
l-VzSGYDEeWq4RLQvtY_lQ,Alternative Approaches to Valuation and Investment,valuation,1448867327228,en,,False
IsT3WDYrEeyZlQoNyXy15Q,Developing Data Models with LookML,developing-data-models-with-lookml,1636407048876,en,,False
bj3kRxAGEeuxfQ6BNcXwEQ,Process Map Data using C++ Adjacency List Shortest Path,process-map-data-using-cpp-adjacency-list-shortest-path,1604086801602,en,2 hours,False
MBIKySrHEeyxgAr51Gjbpw,Análisis de datos con programación en R,analisis-de-datos-con-programacion-en-r,1652109335185,es,,False
9fIBQ5R-EeuychIu0-l95w,Perform basic data analysis tasks using Java streams,basic-data-analysis-java-streams,1618948560466,en,2 hours,False
xyiV1HmxEeumEgqU0IZzGQ,Improve your productivity and performance with Canva,improve-productivity-performance-canva,1615212819836,en,2 hours,False
oQphuRttEeyf4Ar-aygVCw,Interessen des durchschnittlichen Facebook Nutzers,interessen-durchschnittlichen-facebook-nutzers,1633634330815,de,2 Stunden,False
YUAvZvB8EeyMBgrrF33wAQ,Analytics as a Service for Data Sharing Partners,googlecloud-analytics-as-a-service-for-data-sharing-partners-tek4n,1655751469557,en,30 minutes,False
x10DYtysEeyiWhKkm8WCRw,الثقافة المالية | Financial Literacy,financial-literacy,1658393604325,ar,4 أسابيع,False
QYlvjvRIEeqIhQ7RMJhroQ,JavaScript Variables and Assignment Operators,javascript-variables-assignment-operators,1600473945916,en,1 hour and 55 minutes,False
49HGR5hDEe2a0hItqNBhjQ,Coding for Beginners: An Easy Introduction,coding-for-beginners-an-easy-introduction,1676907592189,en,2 hours,False
-rUtBXGXEeu2XQoVDUe5NQ,Jamboard tablero virtual para sus clases interactivas,jamboard-tablero-virtual-para-sus-clases-interactivas,1614265247924,es,1.75 horas,False
K3Kp33--EequKA5LMGaDuw,Web Application Security Testing with OWASP ZAP,web-application-security-testing-with-owsap-zap,1587419968411,en,1.5 hours,False
pxTGQPCSEeu8Fwo3Sa_Z7Q,Additive Manufacturing,additive-manufacturing-3d-printing,1631737603357,en,,False
s2yqKE9ZEe2duhJkJYfIJQ,Introduction to Machine Learning on AWS,machine-learning-on-aws,1668464409694,en,2-4 hours per week,False
isEnBWBZEei8GhK6J8TCMg,Introduction to Clinical Data Science,introduction-clinical-data-science,1546884088802,en,"4 weeks of study, 1-3 hours/week",False
GTNqEepLEe211BJwHi0Wtw,Getting Started with Apache Cassandra,getting-started--apache-cassandra,1684833535360,en,"3 Weeks of Study, 2:40:00 hours/Week",False
YXF6m2cLEeuxXgqV68ldrQ,Use Bash Scripting on Linux to Execute Common commands,use-bash-scripting-linux-execute-common-commands,1612899938862,en,2 hours,False
t5HZrGJAEeuYAhL0scb59w,Create an A/B web page marketing test with Google Optimize,create-an-a-b-web-page-and-marketing-test-with-google-optimize,1612546706684,en,1.5 hours,False
ljnPcrTqEeuTjg6-_zYGCQ,Armando un catálogo de datos con Azure Purview,azure-purview,1622738797598,es,1 hora,False
APP6hYtvEeizIxKXmUKATg,Real-Time Embedded Systems Theory and Analysis,real-time-embedded-theory-analysis,1597935053662,en,50 to 75 hours,False
-cXvYiCmEeqqPwrGvdZXBQ,Digitalisation in the Aerospace Industry,industry,1599841583188,en,3-4 hours per week for 3 weeks,False
FY_7eye2EeqBhw7fRSQ3Dw,L’antisémitisme : De ses origines à nos jours,antisemitisme,1581875313607,fr,,False
ltp8oW_yEeig5gq8RRNtIg,Launching into Machine Learning en Español,launching-machine-learning-es,1538757739425,es,De 5 a 7 horas por semana,False
cxBfa_Q8Eeu_hgpiK6yFCw,Step into RPA,step-into-rpa,1642784526641,en,4 hours,False
9LVz3HXtEeaisA57vr8X4Q,Global Strategy I: How The Global Economy Works,global-strategy,1494556848184,en,,False
quGd9hzfEeyZ9BL8TB78QQ,Çevik Proje Yönetimi,cevik-proje-yonetimi,1644002229906,tr,,False
jJjnx1c7EeuMkArab-7zbw,Derivatives - Options & Futures,derivatives-options-futures,1615906683969,en,13 hours,False
J9IlHHLFEey4uArRczA0dw,كيف تفوز في المحادثات الصعبة| How to Win Tough Conversations,how-to-win-tough-conversation,1652266676056,ar,1 أسبوع دراسة، 1 - 2 ساعات/ أسبوع,False
dwra15WxEei-rQ4o5BsS5A,Demand Analytics,demand-analytics,1561359694979,en,"4 weeks of study, about 2.5 hours / week.",False
jmxJ4tXwEeqsTwpM1jVyqw,Product  and Service Development: Empathy  Mapping with Miro,product-empathy,1596656907243,en,2 hours,False
ct7G8DVLEeWfzhKP8GtZlQ,Build a Modern Computer from First Principles: From Nand to Tetris (Project-Centered Course),build-a-computer,1455311911911,en,,False
OULAMCiEEei4ABKHM5bfFA,Information Visualization: Advanced Techniques,information-visualization-advanced-techniques,1537200402018,en,,False
spEK1qipEem5rRK9OOkIhA,Introducción a UML,uml,1596667639103,es, 5 horas a la semana por 4 semanas,False
4JTHJqR4EeyoLArJWUaFJw,ADP Accountant Connect Certification,adp-accountant-connect-certification,1650552433456,en,"7 weeks, 1 hour per week.",False
QdhuiecPEeqf6wpdchecaQ,Build a Guessing Game Application using Java ,build-game-application-using-java,1598646275543,en,1 hour,False
CWXVTXpGEeumEgqU0IZzGQ,Creando tu plataforma de BIG DATA con EMR,amazon-emr,1642186555893,es,1 hora,False
JVtxhFi2EeWPXA4vXFBIfw,Becoming a Sports Agent,sports-agent,1474931870434,en,"11 modules of study, approximately 2 to 2.5 hours of work per module",False
SuUJJFy2Eeyg-RKSDfcVFQ,تجربة العملاء وخلق القيمة,customer-experience-and-value-creation,1652267705975,ar,1 أسبوع دراسة، 1 - 2 ساعات/ أسبوع,False
oOoBbJmUEeigcQ6ACV18LA,Writing a Personal Essay,personal-essay,1541077438515,en,,False
uqxpJgwkEeyNuxKAzhaylw,Developing a Google SRE Culture en Français,developing-a-google-sre-culture-fr,1640880070487,fr,"2 weeks of study, 2-4 hours/week",False
1C7nJt0jEeyiWhKkm8WCRw,إنشاء لوحة عرض القيمة في منصة ميرو,inshaa-lawhat-ard-alkima-fi-minasat-miro,1659367597940,ar,ساعتين,False
zQV3KCOCEeui6AoQjSZBrQ,Introduction to Data Engineering,introduction-to-data-engineering,1611347312138,en,,False
vQj0id7PEey0uQ74Jk0S7w,Introduction to D3.js,introduction-to-d3-js,1655160290936,en,3 hours,False
3mYHbQqBEey5zQ4LqE3elQ,"Beyond the Financials: Insights, Analysis and Valuations",beyond-financials-insights-analysis-valuations,1633039397999,en,,False
Ai0UE_dJEeWttArM01H4SQ,A Journey through Western Christianity: from Persecuted Faith to Global Religion (200 - 1650) ,western-christianity-200-1650,1486402948298,en,,False
WM6vmONeEea9axKK2AGYJA,Python Data Visualization,python-visualization,1513000972375,en,This is a four week class with an expected workload of 5-7 hours per week.,False
bRPXgjY9EeW6RApRXdjJPw,Functional Programming Principles in Scala,scala-functional-programming,1463981181585,en,5 hours / week,False
X4ituSzfEeWl3A7Kuc0JCQ,Internet of Things: Communication Technologies,internet-of-things-communication,1450149208812,en,"4 weeks of study, 1 hour/week",False
Y5lK1vRrEeqUwwrWUZ7eOQ,Tout Pour Démarrer avec RStudio ,demarrer-avec-rstudio,1601931466343,fr,1 heure,False
wP6bopzUEeaF3g7NeAQepg,Materials in Oral Health,materials-oral-health,1493050598066,en,2-4 hours/week,False
P--h6zpNEeWYbg7p2_3OHQ,Python Data Structures,python-data,1442270539818,en,2-4 hours/week,False
Z_TezXtOEe2QHRL3YiV0EQ, إستخدام Miro في تطويرwireframes و إستكشاف الأفكار الجديدة,iistikhdam-miro-fi-tatwir-wireframes-wastikshaf-al-afkar-aljadida,1680182726567,ar,80 دقيقة,False
c-czjfnIEeyxiRKaoDccyw,Create IoT Solutions in Microsoft Azure,create-iot-solutions-in-microsoft-azure,1658274560508,en,1.5 hours,False
Z3yHdBVBEeWvmQrN_lODCw,User Experience: Research & Prototyping,user-research,1442532605166,en,"4 weeks, 2-3 hours/week",False
zpKcjKfJEeiS7RI0Mi1tOA,Modelización Cuantitativa para Finanzas Corporativas,modelizacion-cuantitativa-para-finanzas-corporativas,1613519786534,es,La carga de trabajo estimada es de entre 2 a 5 horas por semana,False
teFIUyBSEeymZwrrGHVoWw,"Despliegue de modelos Deep Learning: Flask, heroku, Postman",despliegue-modelos-deep-learning-flask-heroku-postman,1635515153205,es,2 horas,False
BodTN_klEeukBQ7mhHsHKQ,Microsoft Azure Machine Learning for Data Scientists,microsoft-azure-machine-learning-for-data-scientist,1633969228226,en,"4 weeks of study, 1-2 hours/week.",False
vk7eAVXFEeuhCA5K4_4e8w,#talkmentalillness,talkmentalillness,1613980912697,en,3 hours a week for 5 weeks,False
asH5hcoAEeuLpg4PxNDEcw,Create a Storyboard in Canva,create-storyboard-in-canva,1623938472708,en,2 hours,False
i-kvszj4Eei9dA6pYgVc7g,Toledo: Deciphering Secrets of Medieval Spain,toledo-deciphering-secrets-medieval-spain,1528700654116,en,"This is a moderately-paced course and will require, on average, 2 to 4 hours of your time per week.",False
vVQ5Cu8fEeuPxAoVlSpyqQ,How to setup a followers campaign on Twitter,how-to-setup-a-followers-campaign,1627578155498,en,1 hour,False
LaDmWbu3EeqyAQpr8ZeG6Q,Getting Started with Azure DevOps Boards,getting-started-azure-devops-boards,1601048610085,en,2,False
5GGrGM6fEeuv8RLqjtEE6Q,Suicide Prevention,suicide-prevention,1631128800753,en,,False
M9RcAIizEeqGaxK8GeEevQ,Advanced Features with Relational Database Tables Using SQLiteStudio,advanced-features-relational-database-table-sqlitestudio,1588623601549,en,45 minutes,False
R8pC2KkuEeyjPxJkzIUqCw,Pipeline Graphs with Cloud Data Fusion,googlecloud-pipeline-graphs-with-cloud-data-fusion-2yrym,1648772581995,en,1 Hour 30 Minutes,False
r0GnHOZaEees-Q6jQMxlrg,What is Data Science? ,what-is-datascience,1520864132943,en,"3 weeks of study, 2-3 hours/week",False
RJEQ86RxEeyoLArJWUaFJw,Beginnen Sie mit dem Facebook Business Manager,beginnen-sie-mit-dem-facebook-business-manager,1649963656616,de,2 Stunden,False
QjpvECu5EeiXigpZZkAEUg,Introduction to Cloud Identity,cloud-identity,1523294538577,en,1 week of study 15-30 hours/week,False
wqQaIHbCEey5dg6SRLMCBw,"Storing, Retrieving, and Processing JSON data with Python",storing-retrieving-and-processing-json-data-with-python,1644248004698,en,2 hours,False
pGplZawrEeyOLhK9Igm19Q,فن الإقناع | The Art of Persuasion,the-art-of-persuasion,1651747810735,ar,1 أسبوع دراسة، 1 - 2 ساعات/ أسبوع,False
BBWz15fDEeu46w60Xgbpdw,Computer Vision in Microsoft Azure,computer-vision-microsoft-azure,1621458309018,en,"3 weeks of study, 1-2 hours/week.",False
-vwROeU9EemxcA6MYUxOhg,Genetic Epidemiology Foundations,genetic-epidemiology,1611558165869,en,,False
P23qzvP0EeuFqA67ilcVzQ,Projeyi Yürütme: Projeyi Hayata Geçirme,projeyi-yurutme-projeyi-hayata-gecirme,1644339063313,tr,,False
-rt3AvadEeuEcw6azz3PZQ,Series temporales con Facebook’ Prophet y NeuralProphet,series-temporales-facebook-prophet-neuralprophet,1631474409491,es,2 horas,False
wFuyfqktEeywagovoAKHOQ,Hardening Default GKE Cluster Configurations,googlecloud-hardening-default-gke-cluster-configurations-akguq,1648765147251,en,1.5 hours ,False
RVHxrhGZEe2K4gqJREL8qw,Comment intégrer des applications dans le tableau de bord Hootsuite,comment-integrer-des-applications-dans-le-tableau-de-bord-hootsuite,1660601799404,fr,2 heures,False
4vax9lrEEeuvGQoFPpCOaQ,Manage Idea Generation with Brainwriting in Miro ,manage-idea-generation-brainwriting-miro,1612208996262,en,2 hours,False
6xsGFUL5Ee2Yjw7oxhTzHw,Securing Virtual Machines using BeyondCorp Enterprise (BCE),googlecloud-securing-virtual-machines-using-beyondcorp-enterprise-bce-uxca8,1667816587811,en,90 minutes,False
FmGqxlr1Ee27PA7ziJMf8w,Android SDK for Beginners: Build Tools,android-sdk,1675092177643,en,60 minutes,False
At1XBOAAEeWoTg63tTECEQ,Fundamentals of Fluid-Solid Interactions,fluid-solid-interaction,1474213484426,en,"6 weeks of study, 3-4 hours/week",False
M9NAb6yNEeq05Q4jrg0zbQ,Machine Learning with H2O Flow,machine-learning-h2o-flow,1592417042749,en,1.2 hours,False
SaGtBUxbEeyVnArvMUxg9w,Automate Equipment Ordering Prep Process with Power Automate,automate-equipment-ordering-prep-process-power-automate,1639519512833,en,1.5 hours,False
3NXp7nfnEey5dg6SRLMCBw,Gestão Estratégica de Recursos Humanos,gestao-estrategica-de-recursos-humanos,1644004705527,pt,"4 semanas, de 4 a 5 horas por semana.",False
8om3I-4LEeSbxyIACw0OOQ,"Programming Languages, Part A",programming-languages,1469230049590,en,8-16 hours/week,False
OS_7mWMdEeyIUg4Qv2RsBQ,البطالة | Unemployment,unemployment,1652268040452,ar,1 أسبوع دراسة، 1 - 2 ساعات/ أسبوع,False
YpwHVDb5EemE7gr4SGSAsA,"Introduction to TensorFlow for Artificial Intelligence, Machine Learning, and Deep Learning",introduction-tensorflow,1551834020039,en,"4 weeks, 4-5 hours/week",False
cIU8oaTGEei1igqyy64WCg,Learning Technologies Foundations and Applications,learning-technologies-foundations-applications,1547216024917,en,2-5 hours/week,False
05ISI2XaEeadpwpiiuGnhw,Hands-on Text Mining and Analytics,text-mining-analytics,1475535544538,en,,False
RmaqVgNcEeuNYxINo_w6cw,Interactive Machine Learning Dashboards using Plotly Dash,interactive-dashboards-plotly-dash,1601573817044,en,1.5 hours,False
mHe2zmEhEeyIUg4Qv2RsBQ,إنشاء مخطط التقارب في تطبيق ميرو,inshaa-mokhatat-attakarob-fi-tatbiq-miro,1647017033515,ar,ساعتين,False
20cUeRNfEemsugpc-osVtg,Privacy in the USA,privacy-laws-us,1566832236285,en,"6 weeks of 4 hours, plus exam and preparation, total of 40 hours",False
MhVZtvJ4EeyFUAphC_7O7w,Python para el análisis de datos: Pandas y NumPy,python-para-el-anlisis-de-datos-pandas-y-numpy,1657062565015,es,2 horas,False
ES4Dh93pEe2CNwqcW_hXdQ,Google Chat - 日本語版,google-chat-ja,1683928466533,ja,,False
m7mose1KEeqNyQr14bXqFw,La Química de las Reacciones,la-qumica-de-las-reacciones,1604431451981,es,"1 módulo por semana, 4 semanas de duración",False
-OhCD5y-EeizghIFbOmg-g,Spacecraft Dynamics Capstone: Mars Mission,capstone-mars-mission,1543810222870,en,,False
Ami77CU3EeyYSQpZ2Lq_Yw,Quantitative Text Analysis and Evaluating Lexical Style in R,quantitative-text-analysis-and-evaluating-lexical-style-in-r,1634317199763,en,1 hour,False
xJcrKR2mEeurzAoTd29xrw,The Art and Science of Economic Policy,art-and-science-of-economic-policy,1658169729123,en,"5 weeks of study, 3-5 hours/week",False
K0CLlm15Eeem_Q73lEzyLA,Desenvolvendo sua musicalidade,desenvolvendo-musicalidade,1506956300670,pt,"7 weeks of study, 3-5 hours/week",False
fZGtX7LUEeilNhJ2KR9bNg,Introduction to User Experience Principles and Processes,introtoux-principles-and-processes,1540790554037,en,"6 weeks, 2-4 hours per week",False
DJfupMVPEeWLqBIulHpzDw,Economic Growth and Distributive Justice Part II - Maximize Social Wellbeing,economic-growth-part-2,1457578111403,en,"5 weeks of study, 1-3 hours/week",False
PlpNlmwSEe2BqQ42L7X-Zw,Back-end Application Development Capstone Project,backend-development-capstone-project,1678124797691,en,"5 weeks of study, 2-3 hours per week",False
orCUF26dEeW8nw5ORrHGtQ,Finance for Everyone: Markets,finance-markets,1465231618971,en,"4 weeks of study, 1-2 hours/week",False
-qrwz_wsEeyt8Q7irWwuzw,"GST - when, where, who and how much?",gst-when-where-who-and-how-much,1667456928465,en,"4 weeks of study, 3 hours/week",False
uCkst_gQEeaQswpW71qb2A,At the Origins of the Mediterranean Civilization: Archaeology of the City from the Levant to the West - 3rd-1st millennium BC,archaeology-city-levant-west,1494292503273,en,,False
gGl9zF-MEeyIUg4Qv2RsBQ,Calcul de données en SQL,calcul-de-donnees-en-sql,1647357597951,fr,2 heures,False
IUHc0inGEeuSLA4bQRe5jw,Project Initiation and Planning,project-initiation-planning,1611554509674,en,,False
novpoz15Ee2C9xKboNgcdQ,Introduction to Convolutions with TensorFlow,googlecloud-introduction-to-convolutions-with-tensorflow-ztggd,1664211901843,en,50 minutes,False
GxMGwZf3Eeu46w60Xgbpdw,Системное администрирование и службы IT-инфраструктуры,system-administration-it-infrastructure-services-ru4,1624033995410,ru,8–10 часов в неделю.,False
AvyjCoukEeqXEw5raBKHbw,Sentiment Analysis with Deep Learning using BERT,sentiment-analysis-bert,1588358258998,en,120 minutes,False
Xu4XKhYnEey_dQpvWp7EqQ,Building Interactive User Interfaces Using React Library,building-interactive-user-interfaces-using-react-library,1646150520283,en,28 hours,False
tpnHZ7eaEeuhvApQ-8cGMw,Doing Economics: Measuring Climate Change,doing-economics-measuring-climate-change,1651681768442,en,"4 weeks of study, 3-4 hours/week",False
NGAcFkFsEey2HhKRvGWgpQ,Project Management: Control using the Earned Value and Risk,control-and-replan-using-earned-value-and-risk,1639320703255,en,1 week // 5 hours ,False
ayDg4KkqEeyxDg4ukgkVlw,Exploratory Data Analysis Using AI Platform,googlecloud-exploratory-data-analysis-using-ai-platform-ue6op,1648764335422,en,1 hour,False
3Rm7wSxHEeanqw4SNWFJ8Q,Teaching Tips for Tricky English Grammar,teaching-common-grammar-mistakes,1482716950349,en,4-5 hours/week for 4 weeks,False
tz27da7mEeytqw64hz8ZCw,إنشاء قصص المستخدمين في برنامج جيرا,inshaa-kosas-almostakhdimin-fi-barnamej-jira,1650465674249,ar,ساعتين,False
cXBp8-jlEeyDYwq6z4uKRQ,Sustainable Transportation Networks and Streetscapes,sustainable-transportation-networks-and-streetscapes,1664229103000,en,,False
pJEIikpmEeuZGAr_TcQGiQ, بناء Backend لنسخة من Twitter,twitter-clone-backend-arabic,1609788641224,ar,1 hour,False
nxml3MX8EeqYWA5h_QkAcQ,New Product Development For Small Businesses and Start-Ups,new-product-dev-smes,1597096290209,en,1hr 40 minutes,False
Ux2WtmBXEemE2Q6eJy4pcg,"FinTech: Foundations, Payments, and Regulations",wharton-fintech-overview-payments-regulations,1559176044059,en,2-3 hours per week,False
qYE1_lWtEee9zA480n2xtg,Large Marine Ecosystems: Assessment and Management,large-marine-ecosystems,1523907840464,en,"This course has been designed to be taken over six weeks, involving 3-4 hours per week.",False
CSd-e9KlEeivcxLlMjHI2A,Introduction to Industrial Bioprocess Development,industrial-bioprocess-development,1677488541483,en,,False
UZu0wtZPEemAZRLx6FCxVg,AI Workflow: Enterprise Model Deployment,ibm-ai-workflow-machine-learning-model-deployment,1575658941758,en,This course requires 7.5 to 9 hours of study.,False
qIVkPSO8EeuVrhKFjkWrKw,بدء المشاريع والتخطيط لها,project-planning-ar,1615992828946,ar,مدة الدراسة 4 أسابيع، من 2-3 ساعات/ أسبوعيًا,False
p_-Q0DicEeyeYA42DXbPkQ,Ethics of Artificial Intelligence,ethics-of-artificial-intelligence,1639318903879,en,4 weeks ,False
tGLtWKksEeywagovoAKHOQ,Troubleshooting and Solving Data Join Pitfalls,googlecloud-troubleshooting-and-solving-data-join-pitfalls-ukiqz,1648662267315,en,1 hour,False
wLwaf6GpEeua9hJHpJ2HqQ,Let’s Read! Learning Japanese through Science & Technology-1,japanese-language-1,1650498638915,ja,２〜３時間/週,False
rAdvCUU6Eeu5YxIbcwLDzw,Data Visualization e manipolazione dei dati con Tableau,data-visualization-manipolazione-tableau,1618563081386,it,"4 settimane, 5-8 ore/settimana",False
4IaPepXJEeir-RIKs5gHUA,Intro to TensorFlow em Português Brasileiro,intro-tensorflow-br,1540323391979,pt,"4 semanas, 8-10 horas por semana",False
PI0WBY--EeymKA5AV4I0Ow,مقدمة إلى نظام التشغيل أوبونتو,muqadima-ila-nizam-tashgyl-ubuntu,1646246954567,ar,ساعتين,False
3poShluBEeu1URLEECyWWw,Validate HTML Forms with JavaScript and HTML,validate-html-forms-javascript-html,1612488135074,en,2 hours,False
zN_XyjlAEeWCYBKNeFwojw,Web Design for Everybody Capstone,web-design-project,1465833846926,en,"6 weeks of study, 6-8 hours/week",False
FGNkDGqVEem9mhKcaChMwA,Social Media Advertising,social-media-advertising,1575043317774,en,,False
cTRm9alUEe2txRJ4UFoCeQ,VMware NSX를 활용한 네트워킹 및 보안 아키텍처,networking-security-architecture-vmware-nsx-ko,1679614687972,ko,"8주 학습 과정, 주당 2~3시간 소요",False
YO9_vwpyEeun9Q5tylnU9Q,Advanced Deep Learning Methods for Healthcare,advanced-deep-learning-methods-healthcare,1643406194327,en,"This course is designed for 4 weeks, but it can be stretched out by the learner as needed.",False
XU1I1GG6EeyipgpI5l_HwQ,Aruba Networking Basics for Portuguese Speakers ,aruba-networking-basics-portuguese,1643828616810,pt,"3 weeks, 2 hours/week",False
AzePbKBBEea7IQ5foiOduA,Financing Infrastructure in African Cities,financing-infrastructure-in-african-cities,1517817730006,en,"5 weeks of study, 2-5 hours per week",False
kKwHoIP4Eea_HA7U3gpEVw,The Art of Vocal Production,vocal-production,1482169203187,en,"4 weeks of study, 3-5 hours/ week",False
tPjfwVyIEe24Xg4Eq-eSRQ,Decision-Making,decisionmaking,1676530955809,en,,False
N9ARoTR9Eem8AApO0WzJlA,Using SAS Viya REST APIs with Python and R,sas-viya-rest-api-python-r,1561048848567,en,,False
mUSYT5noEeWqkw5zNB248Q,Bioconductor for Genomic Data Science,bioconductor,1453137680526,en,,False
H4Lq9DClEeeckAoFzJuh9g,Introduction to Who Wrote Shakespeare,shakespeare,1519106050920,en,"4 weeks of study, 3-4 hours/week.",False
jq3NGKJ7EeWM5RIHOLu8Dw,Strategic Leadership and Management Capstone,strategic-leadership-capstone,1472445246283,en,,False
w7kZtwo-EeuWNw71wOIUfQ,TensorFlow for CNNs: Learn and Practice CNNs,tensorflow-for-cnns-learn-and-practice-cnns,1602286520218,en,2 hours,False
72qAZZbqEeuFpwo_oTjObQ,Interpretable Machine Learning Applications: Part 4,interpretable-machine-learning-applications-part-4,1618583692010,en,1.5 hours,False
-jmtWEh5Ee2duhJkJYfIJQ,Getting Started with MongoDB Atlas on Google Cloud,googlecloud-getting-started-with-mongodb-atlas-on-google-cloud-mwbdc,1667797979496,en,60 minutes,False
KzxMxh2UEeyNYgrqC77JMw,Design de uma experiência do usuário para o bem social e preparação para o mercado,design-de-uma-experiencia-do-usuario-para-o-bem-social,1652480309660,pt,,False
AMBr8zelEeWJaxK5AT4frw,App Design and Development for iOS,ios-app-design-development,1454376698095,en,"5 weeks of study, 1-2 hours/week",False
i5s9WRAfEeykpwqKUJ17cQ,Work with Components in Figma,work-components-figma,1631472820241,en,2 hours,False
MWvdwMVpEeeoqQp801tMaA,Corporate & Commercial Law I: Contracts & Employment Law,corporate-commercial-law-part1,1526511480680,en,6 to 8 hours per week,False
emCu12atEeW2DA58V0Z6GQ,The Blues: Understanding and Performing an American Art Form,the-blues,1459181967466,en,"7 weeks of study, 1-2 hours/week",False
o1uWOrOGEeuUgRLoWReItw,Aggregate Data in SQL using MySQL Workbench,aggregate-data-sql-mysql-workbench,1621449971052,en,2 hours,False
P0ciGZT0EeyHuA5cIqn4NQ,Introduction to Networking and Storage,introduction-to-networking-and-storage,1647892349528,en,"4 weeks of study, 2-3 hours / week",False
Q4R4a6kiEeyxDg4ukgkVlw,Compute Engine: Qwik Start - Windows,googlecloud-compute-engine-qwik-start-windows-5jkcv,1648662244227,en,40 minutes,False
OdQlmynGEeuJ2QrrskyyVw,Project Execution and Control,project-execution-control,1614615173830,en,,False
IjzcekeSEeaL3g5tgt_P6Q,Developing Your Musicianship: Final Project,musicianship-final-project,1479752977193,en,"4 weeks of study, 2-3 hours/week",False
EXvRG9xVEeuTww4ta8ZJrw,Building Scratch and Read Activities with Seesaw,building-scratch-and-read-activities-with-seesaw,1638392368756,en,1 hour,False
VOh9VY30Eemy8BJY1bt4Jg,ÉCHELLE RACE: Dépistage préhospitalier de l’AVC impliquant une occlusion de gros vaisseaux cérébraux,prestorace-fr,1563811311210,fr,"2 semaines d'étude, entre 2 et 3 heures par semaine",False
n1CCQtguEeqfxApofKyclw,Profit Analysis using Economic Value Added,profit-analysis-economic-value-added,1596820721086,en,1 hour,False
Fq__yk2bEeS5fSIACy-OMw,Introduction to Systems Biology,systems-biology,1445268151636,en,6-8 hours/week,False
04kQ_is8EeyavRI3rIvGvQ,Deep Learning with PyTorch : Image Segmentation ,deep-learning-with-pytorch-image-segmentation,1635806213110,en,2 hours,False
Z2mhMMZtEee2dA7J3c5BSg,Sales Operations: Final Project,sales-operations-final-project,1545167031499,en,,False
ciGA_gd8EeyfCRK_crecDw,Interpreting Machine Learning datasets,interpreting-ml,1630601591034,en,2 Hours,False
KdOvri-GEeWl3A7Kuc0JCQ,"System Validation (4): Modelling Software, Protocols, and other behaviour",system-validation-software-protocols,1482513039216,en,,False
SPXfEJz9EeWILQ7D3uPEMw,Inferential and Predictive Statistics for Business,business-statistics,1466611483943,en,"4 weeks of study, 2-4 hours/week",False
7TKS8O2UEeyelxLaDpYnxw,Emprendimientos creativos,emprendimientos-creativos,1675091270029,es,"3 semanas de estudio, 3 horas/ semana",False
1vZ1g32lEeWb-BLhFdaGww,African cities : An Introduction to Urban Planning,african-cities1,1538376433745,en,5-6 hours/week,False
SihzB6UhEeqCbQ4n-DXNkQ,Relational Modeling in Dia,relational-modeling-in-dia,1592252548780,en,50 minutes,False
P7QYdTQuEeyTERK47a9PLQ,Project Management: How to Create a Gantt Chart in Wrike,project-management-how-to-create-a-gantt-chart-in-wrike,1635523525985,en,1.2 hours,False
kusY1kmfEeqmAw7Qsot8eQ,"Save, Load and Export Models with Keras",save-load-export-keras-models,1581095920894,en,1 hour,False
